id;apellido;fechaHora
CITA-065;Benítez;2025-03-01T08:30
CITA-066;García;2025-03-01T11:00
CITA-014;García;2025-03-02T10:20
CITA-098;Vera;2025-03-02T10:20
CITA-064;Aguirre;2025-03-02T15:30
CITA-071;Torres;2025-03-07T12:00
CITA-025;Lozano;2025-03-03T09:20
CITA-076;Pérez;2025-03-03T11:00
CITA-019;Gómez;2025-03-03T13:10
CITA-038;Torres;2025-03-04T09:40
CITA-074;Moreno;2025-03-04T14:50
CITA-003;Moreno;2025-03-04T15:20
CITA-057;Rosillo;2025-03-05T08:40
CITA-013;Torres;2025-03-05T10:10
CITA-018;Rojas;2025-03-05T10:40
CITA-083;Maldonado;2025-03-05T16:20
CITA-043;Benítez;2025-03-06T08:20
CITA-063;Guerrero;2025-03-06T11:30
CITA-051;Lozano;2025-03-03T09:00
CITA-058;Calle;2025-03-30T09:30
CITA-027;Zambrano;2025-03-07T14:30
CITA-047;Castillo;2025-03-07T17:00
CITA-079;Calle;2025-03-08T09:50
CITA-032;Cedeño;2025-03-08T12:40
CITA-006;Villalba;2025-03-09T17:20
CITA-005;Maldonado;2025-03-22T17:10
CITA-095;Moreno;2025-03-10T12:50
CITA-040;Villalba;2025-03-10T18:20
CITA-031;Maldonado;2025-03-11T08:20
CITA-080;Moreira;2025-03-11T09:30
CITA-011;Benítez;2025-03-20T10:50
CITA-082;García;2025-03-11T13:50
CITA-067;Calle;2025-03-11T15:50
CITA-094;Flores;2025-03-13T11:20
CITA-078;Ávila;2025-03-13T11:50
CITA-077;Guerrero;2025-03-13T12:10
CITA-012;Vera;2025-03-13T13:10
CITA-075;Rosillo;2025-03-13T15:50
CITA-033;Gómez;2025-03-13T18:40
CITA-069;Jiménez;2025-03-14T08:20
CITA-020;Suárez;2025-03-14T18:50
CITA-035;Rojas;2025-03-15T12:50
CITA-052;Benítez;2025-03-15T13:00
CITA-029;Vinueza;2025-03-15T13:30
CITA-049;Suárez;2025-03-15T16:00
CITA-036;Zambrano;2025-03-15T16:10
CITA-048;Ramos;2025-03-16T11:20
CITA-099;García;2025-03-16T17:10
CITA-004;Maldonado;2025-03-28T08:20
CITA-088;Lozano;2025-03-17T17:00
CITA-044;Salazar;2025-03-17T17:40
CITA-085;Torres;2025-03-18T10:10
CITA-046;Suárez;2025-03-18T11:20
CITA-009;Villalba;2025-03-18T11:50
CITA-039;Aguirre;2025-03-18T12:10
CITA-030;Ávila;2025-03-18T13:20
CITA-037;Sánchez;2025-03-18T16:00
CITA-100;Vinueza;2025-03-18T16:00
CITA-034;Flores;2025-03-18T18:00
CITA-056;Vera;2025-03-19T11:10
CITA-089;Salazar;2025-03-19T14:00
CITA-007;Zambrano;2025-03-19T14:40
CITA-070;Maldonado;2025-03-20T09:30
CITA-001;Villalba;2025-03-11T13:00
CITA-023;García;2025-03-20T16:30
CITA-010;Ramos;2025-03-21T12:10
CITA-024;Rosillo;2025-03-21T15:50
CITA-072;Ortiz;2025-03-22T08:10
CITA-097;Ramos;2025-03-22T08:20
CITA-008;Torres;2025-03-22T12:40
CITA-055;Benítez;2025-03-10T11:50
CITA-096;Ramos;2025-03-22T18:00
CITA-053;Calle;2025-03-23T09:00
CITA-015;Gómez;2025-03-23T12:30
CITA-042;Moreira;2025-03-23T13:20
CITA-016;Torres;2025-03-23T16:20
CITA-061;Maldonado;2025-03-23T16:50
CITA-022;Torres;2025-03-23T17:30
CITA-021;Guerrero;2025-03-23T17:50
CITA-045;Ramos;2025-03-24T09:10
CITA-084;Aguirre;2025-03-24T13:20
CITA-028;Moreira;2025-03-27T10:20
CITA-093;Suárez;2025-03-27T11:30
CITA-086;Lozano;2025-03-27T14:30
CITA-050;Benítez;2025-03-17T15:10
CITA-059;Flores;2025-03-28T09:00
CITA-017;Sánchez;2025-03-28T11:20
CITA-054;García;2025-03-28T12:40
CITA-092;Ávila;2025-03-28T16:50
CITA-068;Lozano;2025-03-29T10:20
CITA-002;Guerrero;2025-03-29T10:50
CITA-090;Ávila;2025-03-29T14:10
CITA-026;Guerrero;2025-03-29T15:00
CITA-041;Calle;2025-03-07T13:20
CITA-091;Zambrano;2025-03-30T18:00
CITA-062;Jiménez;2025-03-30T18:10
CITA-060;Torres;2025-03-31T11:50
CITA-081;Vinueza;2025-03-31T12:00
CITA-073;Rojas;2025-03-31T13:00
CITA-087;Naranjo;2025-03-31T14:40
